sample,run,plate,type,gel_band,concentration,reads_total,conv_P/N,qPCR_score,average_Ct,qPCR_inhibition,qPCR_degradation,GCNreads,mbNT_GCN
F100,Run 1,2,FERA,Yes,3.96,38458,N,1,40.8,No,No,0,N
F101,Run 1,2,FERA,Yes,20.9,67136,N,1,45.8,No,No,0,N
F102,Run 1,2,FERA,Yes,8.43,51797,N,11,40.3,No,No,0,N
F103,Run 1,2,FERA,Yes,3.93,35800,N,12,38.9,No,No,3131,P
F104,Run 1,2,FERA,Yes,2.8,39694,N,2,41.4,No,No,0,N
F105,Run 1,2,FERA,Yes,5.81,41195,N,2,40,No,No,0,N
F106,Run 1,2,FERA,Yes,2.14,32383,N,11,39,No,No,1057,P
F107,Run 1,2,FERA,Yes,1.42,25869,N,12,37.3,No,No,1906,P
F108,Run 1,2,FERA,Yes,12.9,36264,N,2,39.5,No,No,256,P
F109,Run 1,2,FERA,No,0.16,24,N,8,40.6,No,No,0,N
F10,Run 1,1,FERA,Yes,6.28,33168,P,12,33.5,No,No,9035,P
F110,Run 1,2,FERA,Yes,1.98,41397,N,8,40.6,No,No,3059,P
F111,Run 1,2,FERA,Yes,16.6,48207,N,8,39,No,No,0,N
F112,Run 1,2,FERA,Yes,8.93,47851,N,12,36.2,No,No,5721,P
F113,Run 1,2,FERA,Yes,8.56,47088,N,2,41.7,No,No,0,N
F114,Run 1,2,FERA,Yes,6.87,48399,P,12,38.4,No,No,7647,P
F115,Run 1,2,FERA,Yes,12.8,44418,N,2,40.3,No,No,0,N
F116,Run 1,2,FERA,Yes,1.58,28370,N,11,40.5,No,No,1874,P
F117,Run 1,3,FERA,Yes,20.3,44850,N,10,40.4,No,No,286,P
F118,Run 1,3,FERA,Yes,20.9,61872,N,11,39.4,No,No,80,P
F119,Run 1,3,FERA,Yes,32.8,56198,N,4,41,No,No,0,N
F11,Run 1,1,FERA,Yes,4.31,29086,P,3,40.3,No,No,0,N
F120,Run 1,3,FERA,Yes,18.9,34271,N,12,35,No,No,8514,P
F121,Run 1,3,FERA,Yes,3.19,47035,N,3,42,No,No,8,P
F122,Run 1,3,FERA,Yes,6.91,41987,P,6,39.8,No,No,8965,P
F123,Run 1,3,FERA,Yes,13.2,45767,N,4,40.2,No,No,471,P
F124,Run 1,3,FERA,Yes,5.76,51631,N,12,39.3,No,No,2904,P
F125,Run 1,3,FERA,Yes,2.9,24,N,1,40.7,No,No,0,N
F126,Run 1,3,FERA,Yes,0.22,53523,N,10,40.5,No,No,761,P
F127,Run 1,3,FERA,Yes,0.18,51734,N,2,39.9,No,No,0,N
F128,Run 1,3,FERA,No,0.21,61,N,12,37.9,No,No,0,N
F129,Run 1,3,FERA,Yes,5.19,74512,N,3,41.1,No,No,1303,P
F12,Run 1,1,FERA,Yes,25.6,73757,P,4,39.4,No,No,442,P
F130,Run 1,3,FERA,Yes,7.85,52057,N,2,42.4,No,No,0,N
F131,Run 1,3,FERA,Yes,14.8,47764,N,12,39.7,No,No,2863,P
F132,Run 1,3,FERA,Yes,32,40835,N,12,34.4,No,No,38343,P
F133,Run 1,3,FERA,Yes,3.44,31422,P,3,41,No,No,0,N
F134,Run 1,3,FERA,Yes,7.94,38422,N,1,39.9,No,No,0,N
F135,Run 1,3,FERA,Yes,4.97,48435,N,1,52,No,No,6,P
F136,Run 1,3,FERA,Yes,8.36,41447,P,11,39.9,No,No,0,N
F137,Run 1,3,FERA,Yes,11.5,43372,N,12,37.6,No,No,1850,P
F138,Run 1,3,FERA,Yes,15,52202,N,5,40,No,No,3427,P
F139,Run 1,3,FERA,Yes,0,46239,N,1,40.5,No,No,5,P
F13,Run 1,1,FERA,Yes,0.52,607189,N,1,39.6,No,No,0,N
F140,Run 1,3,FERA,Yes,31.5,72,P,2,40.6,No,No,0,N
F141,Run 1,3,FERA,Yes,9.7,63,N,1,39.6,No,No,0,N
F142,Run 1,3,FERA,No,0,158,N,12,36.8,No,No,6,P
F143,Run 1,3,FERA,Yes,27.2,49302,N,7,40,No,No,0,N
F144,Run 1,3,FERA,Yes,16.3,50101,N,3,39.9,No,No,0,N
F145,Run 1,3,FERA,Yes,23.6,62881,P,12,37.3,No,No,5739,P
F146,Run 1,3,FERA,Yes,1.63,46760,N,1,39.4,No,No,0,N
F147,Run 1,3,FERA,Yes,14.9,56488,P,12,37.5,No,No,3191,P
F148,Run 1,3,FERA,Yes,6.33,42051,N,9,40.3,No,No,0,N
F149,Run 1,3,FERA,Yes,10.3,61509,P,12,35.6,No,No,45363,P
F14,Run 1,1,FERA,Yes,4.59,54183,N,12,39.1,No,No,8461,P
F150,Run 1,3,FERA,Yes,16.4,64988,N,1,41.3,No,No,0,N
F151,Run 1,3,FERA,Yes,3.94,48243,N,2,40.7,No,No,0,N
F152,Run 1,3,FERA,Yes,6.9,43329,N,5,40.4,No,No,814,P
F153,Run 1,3,FERA,No,0,17,N,12,35.4,No,No,0,N
F154,Run 1,3,FERA,Yes,2.43,39901,P,1,40.6,No,No,0,N
F155,Run 1,3,FERA,Yes,1.91,30655,N,2,40.8,No,No,0,N
F156,Run 1,3,FERA,Yes,2.69,44910,N,8,40.9,No,No,0,N
F157,Run 1,3,FERA,Yes,17.8,50174,P,12,36.8,No,No,20852,P
F158,Run 1,3,FERA,Yes,25.8,41269,N,3,41.1,No,No,72,P
F159,Run 1,3,FERA,Yes,2.56,38539,N,1,40.2,No,No,0,N
F15,Run 1,1,FERA,Yes,4.06,42761,N,12,36.3,No,No,35611,P
F160,Run 1,3,FERA,Yes,12.3,56048,N,11,39.1,No,No,3284,P
F161,Run 1,3,FERA,Yes,2.34,45971,P,9,39,No,No,2272,P
F162,Run 1,3,FERA,Yes,13.2,76661,N,8,38.7,No,No,1450,P
F163,Run 1,3,FERA,Yes,0.11,2894,N,12,37.8,No,No,817,P
F164,Run 1,3,FERA,Yes,2.59,44093,P,12,34.7,No,No,21796,P
F165,Run 1,3,FERA,Yes,6.71,47579,N,9,39.1,No,No,780,P
F166,Run 1,3,FERA,Yes,0,77,P,12,34.9,No,No,0,N
F167,Run 1,3,FERA,Yes,3.81,52004,N,6,40.7,No,No,9,P
F168,Run 1,3,FERA,Yes,2.87,34939,P,2,39.9,No,No,0,N
F169,Run 1,3,FERA,Yes,4.24,47812,N,5,39.7,No,No,12149,P
F16,Run 1,1,FERA,Yes,7.31,52444,N,1,40.7,No,No,14,P
F170,Run 1,3,FERA,Yes,4.29,54020,P,12,37.6,No,No,4355,P
F171,Run 1,3,FERA,Yes,3.46,38306,P,7,39.5,No,No,8,P
F172,Run 1,3,FERA,Yes,0.86,18348,N,1,39.6,No,No,0,N
F173,Run 1,3,FERA,Yes,6.81,59065,N,0,0,No,No,0,N
F174,Run 1,3,FERA,Yes,3.45,54218,N,0,0,No,No,0,N
F175,Run 1,3,FERA,Yes,1.08,26823,N,0,0,No,No,0,N
F176,Run 1,3,FERA,No,0,145,N,0,0,No,No,0,N
F177,Run 1,3,FERA,No,0,89,N,0,0,No,No,8,P
F178,Run 1,3,FERA,Yes,1.52,41368,N,0,0,No,No,0,N
F179,Run 1,3,FERA,Yes,5.07,50898,N,0,0,No,No,0,N
F17,Run 1,1,FERA,Yes,1.2,97683,N,1,41.5,No,No,0,N
F180,Run 1,4,FERA,Yes,2.83,24432,N,0,0,No,No,0,N
F181,Run 1,4,FERA,Yes,22.5,47640,N,0,0,No,No,0,N
F182,Run 1,4,FERA,No,0,31,N,0,0,No,No,0,N
F183,Run 1,4,FERA,Yes,10.7,49422,N,0,0,No,No,0,N
F184,Run 1,4,FERA,Yes,13.2,532391,N,0,0,No,No,5,P
F185,Run 1,4,FERA,No,0,29,N,0,0,No,No,0,N
F186,Run 1,4,FERA,Yes,5.9,50106,N,0,0,No,No,0,N
F187,Run 1,4,FERA,Yes,27.1,77420,N,0,0,No,No,0,N
F188,Run 1,4,FERA,Yes,2.34,47665,N,0,0,No,No,0,N
F189,Run 1,4,FERA,Yes,2.22,48859,N,0,0,No,No,0,N
F18,Run 1,1,FERA,Yes,5.26,38059,N,1,40.5,No,No,269,P
F190,Run 1,4,FERA,Yes,8,60861,N,0,0,No,No,0,N
F191,Run 1,4,FERA,Yes,0.17,44,P,0,0,No,Yes,7,P
F192,Run 1,4,FERA,Yes,13,70752,N,0,0,No,No,0,N
F193,Run 1,4,FERA,Yes,14.1,65723,N,0,0,No,No,0,N
F194,Run 1,4,FERA,Yes,15.9,62604,N,0,0,No,No,0,N
F195,Run 1,4,FERA,Yes,13.4,53526,N,0,0,No,No,0,N
F196,Run 1,4,FERA,Yes,5.16,40171,N,0,0,No,No,0,N
F197,Run 1,4,FERA,No,0,7,N,0,0,No,No,0,N
F198,Run 1,4,FERA,Yes,14.2,64200,N,0,0,No,No,5,P
F199,Run 1,4,FERA,Yes,1.59,44636,N,0,0,No,No,0,N
F19,Run 1,1,FERA,Yes,20.4,76193,P,5,40.7,No,No,0,N
F1,Run 1,1,FERA,Yes,3.07,61764,N,1,41.5,No,No,0,N
F200,Run 1,4,FERA,Yes,0.56,19543,N,0,0,No,No,0,N
F201,Run 1,4,FERA,Yes,13,53496,N,0,0,No,No,0,N
F202,Run 1,4,FERA,Yes,14.6,39495,N,0,0,No,No,0,N
F203,Run 1,4,FERA,Yes,18.9,60841,N,0,0,No,No,0,N
F204,Run 1,4,FERA,Yes,3.48,31794,N,0,0,No,No,0,N
F205,Run 1,4,FERA,Yes,27.5,69071,N,0,0,No,No,0,N
F206,Run 1,4,FERA,Yes,18.4,48927,N,0,0,No,No,0,N
F207,Run 1,4,FERA,Yes,41.2,63671,N,0,0,No,No,0,N
F208,Run 1,4,FERA,Yes,8.88,48341,N,0,0,No,No,0,N
F209,Run 1,4,FERA,Yes,15.7,53248,N,0,0,No,No,0,N
F20,Run 1,1,FERA,No,0.22,63,N,12,38,No,No,0,N
F210,Run 1,4,FERA,Yes,17.4,86097,N,0,0,No,No,0,N
F211,Run 1,4,FERA,Yes,21.1,47416,N,0,0,No,No,0,N
F212,Run 1,4,FERA,Yes,2.86,159812,N,0,0,No,No,10,P
F213,Run 1,4,FERA,Yes,5.18,38809,N,0,0,No,No,0,N
F214,Run 1,4,FERA,Yes,18.4,36129,N,0,0,No,No,0,N
F215,Run 1,4,FERA,Yes,5.62,40744,N,0,0,No,No,0,N
F216,Run 1,4,FERA,Yes,18.1,50231,N,0,0,No,No,0,N
F217,Run 1,4,FERA,No,0,16,N,0,0,No,No,0,N
F218,Run 1,4,FERA,Yes,12.1,49295,N,0,0,No,No,0,N
F219,Run 1,4,FERA,Yes,7.84,46740,N,0,0,No,No,0,N
F21,Run 1,1,FERA,Yes,12.2,67454,N,3,40.4,No,No,0,N
F220,Run 1,4,FERA,No,0,206,N,0,0,No,No,0,N
F221,Run 1,4,FERA,Yes,1.09,18000,N,0,0,No,No,0,N
F222,Run 1,4,FERA,Yes,18,53860,N,0,0,No,No,0,N
F223,Run 1,4,FERA,No,0,27,N,0,0,No,No,11,P
F224,Run 1,4,FERA,Yes,12.7,60939,N,0,0,Yes,No,0,N
F225,Run 1,4,FERA,Yes,14.5,51796,N,0,0,No,No,0,N
F226,Run 1,4,FERA,Yes,12.3,78771,N,0,0,No,Yes,5,P
F227,Run 1,4,FERA,Yes,30.1,52840,N,0,0,No,No,0,N
F228,Run 1,4,FERA,Yes,0.47,9034,N,0,0,No,No,0,N
F229,Run 1,4,FERA,Yes,35,98075,N,0,0,No,No,0,N
F22,Run 1,1,FERA,Yes,16.8,47612,N,12,37.3,No,No,7747,P
F230,Run 1,4,FERA,Yes,19.3,61251,N,0,0,No,No,0,N
F231,Run 1,4,FERA,Yes,37.3,80685,N,0,0,No,No,0,N
F232,Run 1,4,FERA,Yes,30.4,53009,N,0,0,No,No,6,P
F233,Run 1,4,FERA,Yes,30.7,91669,N,0,0,No,No,9,P
F234,Run 1,4,FERA,Yes,33.6,84395,N,0,0,No,No,0,N
F235,Run 1,4,FERA,Yes,30.5,76079,N,0,0,No,No,0,N
F236,Run 1,4,FERA,No,0,193,N,0,0,No,No,0,N
F237,Run 1,4,FERA,Yes,6.99,33407,N,0,0,No,No,0,N
F238,Run 1,4,FERA,No,0,122,N,0,0,No,No,0,N
F239,Run 1,4,FERA,Yes,23.2,44758,N,0,0,No,No,0,N
F23,Run 1,1,FERA,Yes,3.08,47782,N,1,41.6,No,No,0,N
F240,Run 1,4,FERA,Yes,5.41,36908,N,0,0,No,No,6,P
F241,Run 1,4,FERA,Yes,20.4,48138,N,0,0,No,No,11,P
F242,Run 1,4,FERA,Yes,3.16,35828,N,0,0,No,No,0,N
F243,Run 2,5,FERA,Yes,5.38,40360,N,4,40.5,No,No,0,N
F244,Run 2,5,FERA,Yes,0.91,17738,N,12,37.8,No,No,12628,P
F245,Run 2,5,FERA,Yes,5.09,43646,P,12,36.6,No,No,8690,P
F246,Run 2,5,FERA,Yes,15.3,46599,N,12,39.4,No,No,648,P
F247,Run 2,5,FERA,Yes,3.04,35425,N,1,41.1,No,No,14,P
F248,Run 2,5,FERA,Yes,20.4,47542,P,2,40.7,No,No,0,N
F249,Run 2,5,FERA,No,0,21,N,2,40.7,No,No,0,N
F24,Run 1,1,FERA,No,0.22,20,N,4,40.1,No,No,0,N
F250,Run 2,5,FERA,Yes,12.5,44742,N,5,42.6,No,No,0,N
F251,Run 2,5,FERA,Yes,1.26,27096,N,2,39.5,No,No,0,N
F252,Run 2,5,FERA,Yes,0.97,19308,P,12,36.9,No,No,5313,P
F253,Run 2,5,FERA,Yes,3.46,43512,N,12,34.4,No,No,19529,P
F254,Run 2,5,FERA,Yes,5.99,44325,N,6,39.6,No,No,5,P
F255,Run 2,5,FERA,Yes,7.01,42169,N,12,38.5,No,No,1684,P
F256,Run 2,5,FERA,No,0,312,N,12,38.5,No,No,8,P
F257,Run 2,5,FERA,Yes,1.81,35252,N,2,41.4,No,No,40,P
F258,Run 2,5,FERA,Yes,0.16,919,N,11,41,No,No,371,P
F259,Run 2,5,FERA,Yes,1.79,41390,P,12,37.3,No,No,9284,P
F25,Run 1,1,FERA,Yes,1.34,32713,N,12,38.2,No,No,0,N
F260,Run 2,5,FERA,Yes,3.96,35571,N,1,40.8,No,No,0,N
F261,Run 2,5,FERA,Yes,0,3858,N,4,41.1,No,No,39,P
F262,Run 2,5,FERA,Yes,10.2,32623,N,3,40.9,No,No,48,P
F263,Run 2,5,FERA,Yes,4.11,34667,N,1,41.6,No,No,5,P
F264,Run 2,5,FERA,Yes,34.3,61782,N,10,40.2,No,No,0,N
F265,Run 2,5,FERA,Yes,24.7,51744,P,12,37.1,No,No,15828,P
F266,Run 2,5,FERA,Yes,13,47193,N,1,41.5,No,No,0,N
F267,Run 2,5,FERA,Yes,26.8,59531,P,11,40.3,No,No,34,P
F268,Run 2,5,FERA,No,0,164,N,12,35.8,No,No,6,P
F269,Run 2,5,FERA,Yes,2.02,41425,P,12,37.7,No,No,14121,P
F26,Run 1,1,FERA,Yes,1.56,46295,N,1,41.7,No,No,0,N
F270,Run 2,5,FERA,Yes,7.01,38185,N,12,34.7,No,No,9092,P
F271,Run 2,5,FERA,Yes,21.5,58203,P,12,36.6,No,No,29109,P
F272,Run 2,5,FERA,Yes,1.31,24510,N,11,38.9,No,No,496,P
F273,Run 2,5,FERA,Yes,18.4,61423,N,2,39.8,No,No,6,P
F274,Run 2,5,FERA,Yes,11.3,44705,N,1,41.1,No,No,0,N
F275,Run 2,5,FERA,Yes,7.61,44649,N,5,40.9,No,No,1881,P
F276,Run 2,5,FERA,Yes,5,28600,N,9,39,No,No,1176,P
F277,Run 2,5,FERA,Yes,2.97,28006,N,9,38.6,No,No,0,N
F278,Run 2,5,FERA,Yes,11.1,64956,N,8,40.5,No,No,3051,P
F279,Run 2,5,FERA,Yes,0,24965,N,1,50,No,No,6,P
F27,Run 1,1,FERA,No,0,203,P,12,36.6,No,No,0,N
F280,Run 2,5,FERA,Yes,31.7,944862,P,3,39.7,No,No,2114,P
F281,Run 2,5,FERA,Yes,0,58619,P,4,41.2,No,No,0,N
F282,Run 2,5,FERA,Yes,29.3,100248,N,12,34.5,No,No,8175,P
F283,Run 2,5,FERA,Yes,4.72,64652,N,1,39.4,No,No,5,P
F284,Run 2,5,FERA,Yes,2.81,68216,P,9,40.8,No,No,603,P
F285,Run 2,5,FERA,Yes,22,30908,N,11,39.6,No,No,22,P
F286,Run 2,5,FERA,Yes,0.6,45149,P,12,38.3,No,No,7181,P
F287,Run 2,5,FERA,Yes,0,36790,N,1,41.9,No,No,0,N
F288,Run 2,5,FERA,No,0,6,N,11,38.6,No,No,0,N
F289,Run 2,5,FERA,Yes,7.26,52318,P,12,37.3,No,No,1807,P
F28,Run 1,1,FERA,Yes,1.25,33120,N,5,43.5,No,No,3786,P
F290,Run 2,5,FERA,No,0,7,N,1,41.7,No,No,0,N
F291,Run 2,5,FERA,Yes,0,22818,N,12,36.7,No,No,8985,P
F292,Run 2,5,FERA,Yes,1.47,68967,N,2,40.7,No,No,2714,P
F293,Run 2,5,FERA,Yes,9.97,53634,N,1,40.7,No,No,5,P
F294,Run 2,5,FERA,Yes,1.67,68090,N,12,40.8,No,No,6,P
F295,Run 2,5,FERA,No,0,44,N,1,42.4,No,No,0,N
F296,Run 2,5,FERA,Yes,1.53,114189,N,4,41.8,No,No,8,P
F297,Run 2,5,FERA,Yes,1.9,78013,N,5,42.1,No,No,1957,P
F298,Run 2,5,FERA,No,0,50,N,12,39.1,No,No,6,P
F299,Run 2,5,FERA,No,0,74,N,3,41.5,No,No,0,N
F29,Run 1,1,FERA,Yes,3.4,46628,N,12,37.1,No,No,14272,P
F2,Run 1,1,FERA,Yes,3.92,56858,N,3,41.1,No,No,0,N
F300,Run 2,5,FERA,No,0,49,N,2,41.6,No,No,5,P
F301,Run 2,5,FERA,Yes,9.62,20520,N,1,42.7,No,No,6,P
F302,Run 2,5,FERA,Yes,5.07,128053,N,7,41.9,No,No,0,N
F303,Run 2,5,FERA,No,0,107,N,5,41.7,No,No,10,P
F304,Run 2,5,FERA,Yes,0,20576,N,6,41.6,No,No,2732,P
F305,Run 2,5,FERA,Yes,7.39,62619,P,12,38,No,No,7671,P
F306,Run 2,5,FERA,No,0,12,N,12,39.2,No,No,0,N
F307,Run 2,5,FERA,Yes,0,700,P,12,35.4,No,No,495,P
F308,Run 2,5,FERA,Yes,8.75,78403,N,12,31.5,No,No,47708,P
F309,Run 2,5,FERA,Yes,0,9927,N,8,40.9,No,No,2391,P
F30,Run 1,1,FERA,Yes,6.08,62658,N,12,37,No,No,4025,P
F310,Run 2,5,FERA,Yes,0,16284,N,9,40.6,No,No,11139,P
F311,Run 2,5,FERA,Yes,1.72,90806,N,4,40.7,No,No,0,N
F312,Run 2,5,FERA,Yes,2.2,68412,N,9,40.7,No,No,2694,P
F313,Run 2,5,FERA,No,0,10,N,3,42.2,No,No,0,N
F314,Run 2,5,FERA,Yes,2.41,63645,N,3,41,No,No,0,N
F315,Run 2,5,FERA,Yes,3.95,85566,N,12,38.8,No,No,852,P
F316,Run 2,5,FERA,Yes,0,26005,N,2,40,No,No,0,N
F317,Run 2,5,FERA,Yes,0,22046,N,2,41,No,No,18,P
F318,Run 2,5,FERA,Yes,0.96,36967,N,5,40.4,No,No,7716,P
F319,Run 2,5,FERA,No,0,44,N,6,39.4,No,No,0,N
F31,Run 1,1,FERA,Yes,17.1,59580,N,12,34.9,No,No,11260,P
F320,Run 2,6,FERA,Yes,1.39,42647,N,9,41.1,No,No,7786,P
F321,Run 2,6,FERA,Yes,0,0,P,12,36.9,No,No,0,N
F322,Run 2,6,FERA,Yes,0.63,15591,N,5,40.5,No,No,0,N
F323,Run 2,6,FERA,Yes,9.73,56972,P,12,36.7,No,No,8134,P
F324,Run 2,6,FERA,No,0,20,N,3,40.4,No,No,0,N
F325,Run 2,6,FERA,Yes,2.77,45550,N,1,40.5,No,No,0,N
F326,Run 2,6,FERA,Yes,18.2,57206,N,1,41.9,No,No,0,N
F327,Run 2,6,FERA,No,0,28,N,5,41.6,No,No,0,N
F328,Run 2,6,FERA,Yes,2.78,53621,P,10,40.5,No,No,1443,P
F329,Run 2,6,FERA,Yes,5.26,50126,N,4,41.2,No,No,0,N
F32,Run 1,1,FERA,Yes,6.23,58041,N,10,38.6,No,No,1707,P
F330,Run 2,6,FERA,Yes,1.37,46344,N,9,39.9,No,No,7801,P
F331,Run 2,6,FERA,Yes,0.83,26400,N,4,40.6,No,No,0,N
F332,Run 2,6,FERA,Yes,8.25,69529,N,12,35.6,No,No,21650,P
F333,Run 2,6,FERA,Yes,10.9,66882,N,11,38.9,No,No,2857,P
F334,Run 2,6,FERA,Yes,4.78,55420,P,12,35.5,No,No,25836,P
F335,Run 2,6,FERA,Yes,3.86,44228,P,2,40.1,No,No,0,N
F336,Run 2,6,FERA,Yes,15.7,48590,N,11,39.3,No,No,190,P
F337,Run 2,6,FERA,Yes,0.74,26813,P,12,36.6,No,No,3164,P
F338,Run 2,6,FERA,Yes,2.62,42598,N,1,40,No,No,0,N
F339,Run 2,6,FERA,No,0,38,N,3,41.4,No,No,5,P
F33,Run 1,1,FERA,Yes,2.7,51834,N,1,39.5,No,No,0,N
F340,Run 2,6,FERA,Yes,1.45,31624,N,2,40.6,No,No,0,N
F341,Run 2,6,FERA,Yes,9.18,40359,N,12,38,No,No,2457,P
F342,Run 2,6,FERA,Yes,12.6,42776,P,12,35.3,No,No,12966,P
F343,Run 2,6,FERA,Yes,9.8,40301,N,5,40.5,No,No,0,N
F344,Run 2,6,FERA,Yes,5.49,35722,P,12,36.6,No,No,8343,P
F345,Run 2,6,FERA,Yes,7.3,39095,N,6,40.3,No,No,0,N
F346,Run 2,6,FERA,Yes,15.5,43347,N,1,41,No,No,3075,P
F347,Run 2,6,FERA,Yes,4.34,36104,P,12,35.7,No,No,5515,P
F348,Run 2,6,FERA,Yes,3.43,38465,N,12,37.7,No,No,1888,P
F349,Run 2,6,FERA,Yes,12.6,52055,N,12,32.3,No,No,28195,P
F34,Run 1,1,FERA,Yes,12.3,52376,N,12,35.6,No,No,10545,P
F350,Run 2,6,FERA,Yes,6.22,48036,P,12,35.6,No,No,3870,P
F351,Run 2,6,FERA,Yes,2.57,39901,P,2,40.6,No,No,0,N
F352,Run 2,6,FERA,Yes,14.8,48359,N,7,40.6,No,No,8,P
F353,Run 2,6,FERA,Yes,3.92,38613,N,8,39.5,No,No,4238,P
F354,Run 2,6,FERA,Yes,2.84,40211,N,6,40,No,No,666,P
F355,Run 2,6,FERA,Yes,3.41,41365,P,1,40.8,No,No,0,N
F356,Run 2,6,FERA,Yes,2.46,43213,N,9,38.9,No,No,5427,P
F357,Run 2,6,FERA,Yes,2.01,39906,N,1,40.9,No,No,0,N
F358,Run 2,6,FERA,No,0,9,N,8,41.2,No,No,0,N
F359,Run 2,6,FERA,No,0,68,N,12,38.9,No,No,0,N
F35,Run 1,1,FERA,Yes,1.63,130187,N,9,39.4,No,No,6607,P
F360,Run 2,6,FERA,Yes,3.27,16251,N,5,40.4,No,No,585,P
F361,Run 2,6,FERA,Yes,0.56,15601,N,3,40.7,No,No,0,N
F362,Run 2,6,FERA,Yes,5.34,46391,N,5,40.5,No,No,385,P
F363,Run 2,6,FERA,Yes,0.28,8675,N,6,40.7,No,No,5,P
F364,Run 2,6,FERA,Yes,1.96,41592,N,1,52,No,No,0,N
F365,Run 2,6,FERA,Yes,10,48324,N,1,39.8,No,No,0,N
F366,Run 2,6,FERA,Yes,30.1,66999,P,12,28,No,No,65325,P
F367,Run 2,6,FERA,Yes,19.5,52705,N,12,34.5,No,No,19787,P
F368,Run 2,6,FERA,Yes,26.9,68967,N,12,37.2,No,No,588,P
F369,Run 2,6,FERA,Yes,0.8,18288,N,2,39.2,No,No,0,N
F36,Run 1,1,FERA,Yes,2.45,45932,N,4,41.1,No,No,5,P
F370,Run 2,6,FERA,Yes,15.3,39143,N,1,41.7,No,No,56,P
F371,Run 2,6,FERA,Yes,0.47,10335,N,12,39.7,No,No,82,P
F372,Run 2,6,FERA,Yes,5.96,40207,N,12,38.7,No,No,1849,P
F373,Run 2,6,FERA,Yes,4.53,38139,N,12,39.4,No,No,867,P
F374,Run 2,6,FERA,Yes,3.06,29797,N,5,40.2,No,No,4334,P
F375,Run 2,6,FERA,Yes,0.84,13006,P,3,39.8,No,No,2790,P
F376,Run 2,6,FERA,No,0,5,N,12,40.1,No,No,0,N
F377,Run 2,6,FERA,Yes,21.2,58519,P,12,38.4,No,No,14,P
F378,Run 2,6,FERA,Yes,4.5,37906,N,8,41.9,No,No,2524,P
F379,Run 2,6,FERA,Yes,15.3,46620,N,9,38.4,No,No,184,P
F37,Run 1,1,FERA,Yes,13.4,47623,N,12,36.8,No,No,4593,P
F380,Run 2,6,FERA,Yes,2.18,38658,N,5,41,No,No,782,P
F381,Run 2,6,FERA,Yes,2.42,35805,N,1,43.5,No,No,0,N
F382,Run 2,6,FERA,No,0,0,N,12,36.4,No,No,0,N
F383,Run 2,7,FERA,Yes,0,842,N,0,0,No,No,0,N
F384,Run 2,7,FERA,Yes,8.1,44713,N,0,0,No,No,0,N
F385,Run 2,7,FERA,Yes,3.57,9088,N,0,0,No,No,0,N
F386,Run 2,7,FERA,No,0,12,N,0,0,No,No,0,N
F387,Run 2,7,FERA,Yes,0.37,2394,N,0,0,No,No,0,N
F388,Run 2,7,FERA,Yes,0.42,8658,NA,0,0,No,No,0,N
F389,Run 2,7,FERA,Yes,0.65,4235,N,0,0,No,No,0,N
F38,Run 1,1,FERA,Yes,6.22,54348,N,9,41.1,No,No,0,N
F390,Run 2,7,FERA,Yes,0,6718,N,0,0,No,No,0,N
F391,Run 2,7,FERA,Yes,1.64,9505,N,0,0,No,No,0,N
F392,Run 2,7,FERA,Yes,11,46148,N,0,0,No,No,0,N
F393,Run 2,7,FERA,Yes,1.2,5188,N,0,0,No,No,0,N
F394,Run 2,7,FERA,Yes,5.16,48691,N,0,0,No,No,0,N
F395,Run 2,7,FERA,No,0,176,N,0,0,No,No,0,N
F396,Run 2,7,FERA,Yes,1.73,28945,N,0,0,No,No,0,N
F397,Run 2,7,FERA,Yes,7,33678,N,0,0,No,No,0,N
F398,Run 2,7,FERA,Yes,25.2,58839,N,0,0,No,No,0,N
F399,Run 2,7,FERA,No,0.26,33,N,0,0,No,No,0,N
F39,Run 1,1,FERA,Yes,20,68181,N,2,39.6,No,No,0,N
F3,Run 1,1,FERA,Yes,0.28,4236,N,1,39.8,No,No,0,N
F400,Run 2,7,FERA,Yes,10.4,45112,N,0,0,No,No,0,N
F401,Run 2,7,FERA,Yes,3.83,27045,N,0,0,No,No,0,N
F402,Run 2,7,FERA,Yes,11,46230,N,0,0,No,No,0,N
F403,Run 2,7,FERA,Yes,14.3,49060,N,0,0,No,No,0,N
F404,Run 2,7,FERA,Yes,16,46166,N,0,0,No,No,0,N
F405,Run 2,7,FERA,Yes,20.3,50768,N,0,0,No,No,0,N
F406,Run 2,7,FERA,Yes,17.5,102115,N,0,0,No,No,0,N
F407,Run 2,7,FERA,Yes,12.9,45472,N,0,0,No,No,0,N
F408,Run 2,7,FERA,Yes,30.4,56877,N,0,0,No,No,0,N
F409,Run 2,7,FERA,Yes,2.85,38753,N,0,0,No,No,0,N
F40,Run 1,1,FERA,Yes,12.2,64919,N,0,42.7,No,No,0,N
F410,Run 2,7,FERA,Yes,21.9,50584,N,0,0,No,No,0,N
F411,Run 2,7,FERA,Yes,15.3,51045,N,0,0,No,No,0,N
F412,Run 2,7,FERA,Yes,24,59606,N,0,0,No,No,0,N
F413,Run 2,7,FERA,Yes,1.56,13868,N,0,0,No,No,0,N
F414,Run 2,7,FERA,Yes,20.4,62611,N,0,0,No,No,0,N
F415,Run 2,7,FERA,Yes,21.6,55029,N,0,0,No,No,0,N
F416,Run 2,7,FERA,No,0,19,N,0,0,No,No,0,N
F417,Run 2,7,FERA,Yes,14.8,46173,N,0,0,No,No,0,N
F418,Run 2,7,FERA,Yes,1.59,48745,N,0,0,No,No,0,N
F419,Run 2,7,FERA,Yes,11.7,44480,N,0,0,No,No,0,N
F41,Run 1,1,FERA,Yes,4.45,64585,N,0,0,No,No,2254,P
F420,Run 2,7,FERA,No,7.44,75,N,0,0,No,No,0,N
F421,Run 2,7,FERA,Yes,1.34,8174,N,0,0,No,No,0,N
F422,Run 2,7,FERA,Yes,0.07,219351,N,0,0,No,No,0,N
F423,Run 2,7,FERA,Yes,0.15,430560,N,0,0,No,No,7,P
F424,Run 2,7,FERA,Yes,0.12,333992,N,0,0,No,No,0,N
F425,Run 2,7,FERA,Yes,1.3,34235,N,0,0,No,No,0,N
F426,Run 2,7,FERA,Yes,3.81,43050,N,0,0,No,No,0,N
F427,Run 2,7,FERA,Yes,10.5,37254,N,0,0,No,No,0,N
F428,Run 2,7,FERA,Yes,1.72,40895,N,0,0,No,No,0,N
F429,Run 2,7,FERA,Yes,3.03,46003,P,0,0,No,No,0,N
F42,Run 1,1,FERA,Yes,11.4,64400,N,0,0,No,No,0,N
F430,Run 2,7,FERA,No,0,94,N,0,0,No,No,0,N
F431,Run 2,7,FERA,Yes,4.77,43595,N,0,0,No,No,0,N
F432,Run 2,7,FERA,Yes,0.14,4207,N,0,0,No,No,0,N
F433,Run 2,7,FERA,Yes,2.4,39666,N,0,0,No,No,0,N
F434,Run 2,7,FERA,Yes,0.18,4532,N,0,0,No,No,0,N
F435,Run 2,7,FERA,Yes,0.87,20026,N,0,0,No,No,0,N
F436,Run 2,7,FERA,Yes,14.6,57561,N,0,0,No,No,0,N
F437,Run 2,7,FERA,Yes,10.7,47020,N,0,0,No,No,40,P
F438,Run 2,7,FERA,No,0,71,N,0,0,No,No,0,N
F439,Run 2,7,FERA,Yes,2.23,45103,N,0,0,No,No,0,N
F43,Run 1,1,FERA,Yes,7.34,63607,N,0,0,No,No,10,P
F440,Run 2,7,FERA,Yes,7.65,47308,N,0,0,No,No,0,N
F441,Run 2,7,FERA,Yes,13.7,49261,N,0,0,No,No,0,N
F442,Run 2,7,FERA,Yes,6.98,49718,N,0,0,No,No,0,N
F443,Run 2,7,FERA,Yes,6.41,52496,N,0,0,No,No,0,N
F444,Run 2,7,FERA,No,0,82,N,0,0,No,No,0,N
F445,Run 2,7,FERA,Yes,6.26,42966,N,0,0,No,No,0,N
F446,Run 2,8,FERA,No,0,5,N,0,0,No,No,0,N
F447,Run 2,8,FERA,Yes,2.91,39596,N,0,0,No,No,0,N
F448,Run 2,8,FERA,No,0,5,N,0,0,No,No,0,N
F449,Run 2,8,FERA,Yes,0.68,19749,N,0,0,No,No,0,N
F44,Run 1,1,FERA,Yes,2.33,48018,N,0,0,No,Yes,0,N
F450,Run 2,8,FERA,Yes,0,0,N,0,0,No,No,0,N
F451,Run 2,8,FERA,Yes,6.79,42355,N,0,0,No,No,0,N
F452,Run 2,8,FERA,Yes,0,1797,NA,0,0,No,No,0,N
F453,Run 2,8,FERA,Yes,4.32,45549,N,0,0,No,No,0,N
F454,Run 2,8,FERA,No,0,5,N,0,0,No,No,0,N
F455,Run 2,8,FERA,Yes,3.83,46269,N,0,0,No,No,0,N
F456,Run 2,8,FERA,No,0,12,N,0,0,No,No,0,N
F457,Run 2,8,FERA,Yes,5.58,47051,N,0,0,No,No,0,N
F458,Run 2,8,FERA,Yes,4.43,55622,N,0,0,No,No,0,N
F459,Run 2,8,FERA,Yes,3.65,48136,N,0,0,No,No,0,N
F45,Run 1,1,FERA,Yes,2.06,41434,P,0,0,No,No,0,N
F460,Run 2,8,FERA,Yes,19.5,60295,N,0,0,No,No,0,N
F461,Run 2,8,FERA,Yes,18.8,51861,N,0,0,No,No,0,N
F462,Run 2,8,FERA,Yes,12.6,52094,N,0,0,No,No,0,N
F463,Run 2,8,FERA,Yes,2.44,41202,N,0,0,No,No,0,N
F464,Run 2,8,FERA,Yes,3.86,55968,N,0,0,No,No,0,N
F465,Run 2,8,FERA,Yes,0,10090,P,0,0,No,Yes,0,N
F466,Run 2,8,FERA,Yes,0.71,22744,N,0,0,No,No,0,N
F467,Run 2,8,FERA,Yes,4.77,41209,N,0,0,No,No,0,N
F468,Run 2,8,FERA,Yes,20.9,53416,N,0,0,No,No,0,N
F469,Run 2,8,FERA,Yes,16.4,49153,N,0,0,No,No,0,N
F46,Run 1,1,FERA,Yes,1.52,39096,N,0,0,No,No,0,N
F470,Run 2,8,FERA,Yes,23.1,52863,N,0,0,No,No,0,N
F471,Run 2,8,FERA,No,0,16,P,0,0,No,No,0,N
F472,Run 2,8,FERA,Yes,8.34,45077,N,0,0,No,No,0,N
F473,Run 2,8,FERA,Yes,2.86,14177,N,0,0,No,No,0,N
F474,Run 2,8,FERA,No,0,19,N,0,0,No,No,0,N
F475,Run 2,8,FERA,Yes,8.71,39626,N,0,0,No,No,0,N
F476,Run 2,8,FERA,Yes,9.15,48041,N,0,0,No,No,0,N
F477,Run 2,8,FERA,Yes,0,0,N,0,0,No,No,0,N
F478,Run 2,8,FERA,Yes,0.85,28357,N,0,0,No,No,0,N
F479,Run 2,8,FERA,Yes,1.26,82828,N,0,0,No,No,0,N
F47,Run 1,2,FERA,Yes,17.54,5947,N,0,0,No,No,0,N
F480,Run 2,8,FERA,Yes,6.47,42187,N,0,0,No,No,0,N
F481,Run 2,8,FERA,Yes,1.53,37063,N,0,0,No,No,2639,P
F482,Run 2,8,FERA,Yes,8.16,33225,N,0,0,No,No,0,N
F483,Run 2,8,FERA,Yes,0.13,331945,N,0,0,No,No,0,N
F484,Run 2,8,FERA,Yes,0.02,41458,N,0,0,No,Yes,0,N
F485,Run 2,8,FERA,Yes,0.04,103300,N,0,0,No,No,0,N
F486,Run 2,8,FERA,Yes,0.05,127889,N,0,0,No,Yes,0,N
F487,Run 2,8,FERA,Yes,0.03,70738,N,0,0,No,No,0,N
F488,Run 2,8,FERA,Yes,6.82,34151,N,0,0,No,No,0,N
F489,Run 2,8,FERA,Yes,1.01,23219,N,0,0,No,No,0,N
F48,Run 1,2,FERA,Yes,4.32,4087,N,0,0,No,No,0,N
F490,Run 2,8,FERA,Yes,8.47,38998,N,0,0,No,No,0,N
F491,Run 2,8,FERA,Yes,1.61,34503,N,0,0,No,Yes,0,N
F492,Run 2,8,FERA,Yes,0.42,7969,N,0,0,No,Yes,0,N
F493,Run 2,8,FERA,Yes,1.96,35376,N,0,0,No,No,0,N
F494,Run 2,8,FERA,Yes,9.31,41731,N,0,0,No,No,0,N
F495,Run 2,8,FERA,Yes,10.3,40877,N,0,0,No,No,0,N
F496,Run 2,8,FERA,Yes,11.4,37694,N,0,0,No,No,0,N
F497,Run 2,8,FERA,Yes,2.87,34823,N,0,0,No,No,0,N
F498,Run 2,8,FERA,Yes,5.7,32001,N,0,0,No,No,0,N
F499,Run 2,8,FERA,Yes,3.86,41940,N,0,0,No,No,0,N
F49,Run 1,2,FERA,Yes,1.78,1954,N,0,0,No,No,0,N
F4,Run 1,1,FERA,Yes,2.66,42771,N,5,42.7,No,No,0,N
F500,Run 2,8,FERA,Yes,6.37,42255,N,0,0,No,No,0,N
F501,Run 2,8,FERA,Yes,4.82,41788,N,0,0,No,No,0,N
F502,Run 2,8,FERA,Yes,19.3,51394,N,0,0,No,No,0,N
F503,Run 2,8,FERA,Yes,0.14,4529,N,0,0,No,No,0,N
F504,Run 2,8,FERA,Yes,3.5,36874,N,0,0,No,No,0,N
F505,Run 2,8,FERA,Yes,8.73,37599,N,0,0,No,No,0,N
F506,Run 2,8,FERA,Yes,4.47,44972,N,0,0,No,No,0,N
F507,Run 2,8,FERA,No,0,8,N,0,0,No,No,0,N
F508,Run 2,8,FERA,Yes,11.6,47046,N,0,0,No,No,0,N
F50,Run 1,2,FERA,Yes,2.93,4008,N,0,0,No,No,7,P
F51,Run 1,2,FERA,Yes,3.84,3589,N,0,0,No,No,0,N
F52,Run 1,2,FERA,Yes,3.44,2610,N,0,0,No,No,0,N
F53,Run 1,2,FERA,Yes,7.89,4888,N,0,0,No,No,0,N
F54,Run 1,2,FERA,Yes,1.15,4150,N,0,0,No,No,0,N
F55,Run 1,2,FERA,No,1,61,N,0,0,No,No,0,N
F56,Run 1,2,FERA,Yes,10.72,6131,N,0,0,No,No,0,N
F57,Run 1,2,FERA,Yes,9.6,4733,N,0,0,No,No,7,P
F58,Run 1,2,FERA,Yes,17.36,5258,N,0,0,No,No,0,N
F59,Run 1,2,FERA,Yes,8.48,4648,N,0,0,No,No,0,N
F5,Run 1,1,FERA,Yes,3.8,41493,N,1,40.3,No,No,0,N
F60,Run 1,2,FERA,Yes,6.01,3685,N,0,0,No,No,0,N
F61,Run 1,2,FERA,Yes,121,2400,N,0,0,No,No,0,N
F62,Run 1,2,FERA,Yes,61.48,4991,N,0,0,No,No,0,N
F63,Run 1,2,FERA,Yes,67.43,3881,N,0,0,No,No,0,N
F64,Run 1,2,FERA,Yes,17.13,4649,N,0,0,No,No,0,N
F65,Run 1,2,FERA,Yes,18.97,4521,N,0,0,No,No,0,N
F66,Run 1,2,FERA,Yes,125,1751,N,0,0,No,No,0,N
F67,Run 1,2,FERA,Yes,39.51,5215,N,0,0,No,No,0,N
F68,Run 1,2,FERA,Yes,16.23,5204,N,0,0,No,No,0,N
F69,Run 1,2,FERA,Yes,34.27,6191,P,0,0,No,No,0,N
F6,Run 1,1,FERA,Yes,1.13,9025,N,3,40.3,No,No,0,N
F70,Run 1,2,FERA,Yes,42.67,11514,N,0,0,No,No,0,N
F71,Run 1,2,FERA,Yes,8.66,1515,P,0,0,No,No,0,N
F72,Run 1,2,FERA,Yes,27.67,5506,N,0,0,No,No,0,N
F73,Run 1,2,FERA,No,0.76,7,N,0,0,No,No,0,N
F74,Run 1,2,FERA,Yes,2.29,2173,N,0,0,No,No,0,N
F75,Run 1,2,FERA,Yes,0.8,17511,N,0,0,No,No,0,N
F76,Run 1,2,FERA,Yes,0.32,5440,N,0,0,No,No,0,N
F77,Run 1,2,FERA,Yes,0.64,13372,N,0,0,No,No,0,N
F78,Run 1,2,FERA,Yes,1.97,37637,N,0,0,No,No,0,N
F79,Run 1,2,FERA,Yes,1.53,35302,N,0,0,No,No,0,N
F7,Run 1,1,FERA,Yes,0.6,11177,N,12,35.4,No,No,4107,P
F80,Run 1,2,FERA,Yes,1.35,27719,N,0,0,No,No,0,N
F81,Run 1,2,FERA,Yes,0.74,12573,N,0,0,No,No,0,N
F82,Run 1,2,FERA,Yes,0.47,11026,N,0,0,No,No,0,N
F83,Run 1,2,FERA,Yes,2.08,39889,N,0,0,No,No,0,N
F84,Run 1,2,FERA,Yes,0.13,50,N,0,0,No,No,0,N
F85,Run 1,2,FERA,Yes,0.82,19788,N,0,0,No,No,0,N
F86,Run 1,2,FERA,Yes,0.63,14374,N,0,0,No,No,0,N
F87,Run 1,2,FERA,Yes,0.59,9690,N,0,0,No,No,0,N
F88,Run 1,2,FERA,Yes,0.85,20120,N,0,0,No,No,0,N
F89,Run 1,2,FERA,Yes,0.67,15139,N,0,0,No,No,0,N
F8,Run 1,1,FERA,Yes,8.98,51201,N,6,37.3,No,No,2710,P
F90,Run 1,2,FERA,Yes,0.41,9165,N,0,0,No,No,0,N
F91,Run 1,2,FERA,Yes,10.2,49606,N,0,0,No,No,0,N
F92,Run 1,2,FERA,Yes,1.12,23705,N,0,0,No,No,0,N
F93,Run 1,2,FERA,No,0.16,70,N,0,0,No,No,0,N
F94,Run 1,2,FERA,Yes,8.08,21487,N,0,0,No,Yes,0,N
F95,Run 1,2,FERA,Yes,17.1,67490,N,0,0,No,No,0,N
F96,Run 1,2,FERA,Yes,28.2,70880,N,0,0,No,No,0,N
F97,Run 1,2,FERA,Yes,13.6,52556,N,0,0,No,No,0,N
F98,Run 1,2,FERA,Yes,22.5,56018,N,0,0,No,No,0,N
F99,Run 1,2,FERA,Yes,14.2,54675,N,9,40.4,No,No,7,P
F9,Run 1,1,FERA,Yes,34.5,71276,N,7,37.1,No,No,117,P
NU10,Run 1,1,Nottingham,Yes,8.78,73777,NA,12,NA,No,No,2980,P
NU11,Run 1,1,Nottingham,Yes,1.21,53839,NA,1,NA,No,No,9,P
NU12,Run 1,1,Nottingham,Yes,1.42,54980,NA,5,NA,No,No,6,P
NU13,Run 1,1,Nottingham,Yes,24.3,75967,NA,0,NA,No,No,1173,P
NU14,Run 1,1,Nottingham,Yes,1.69,46644,NA,0,NA,No,No,1955,P
NU15,Run 1,1,Nottingham,Yes,4.54,67684,NA,0,NA,No,No,1801,P
NU16,Run 1,1,Nottingham,Yes,19.5,73004,NA,0,NA,No,No,0,N
NU17,Run 1,1,Nottingham,Yes,1.96,43834,NA,0,NA,No,No,0,N
NU18,Run 1,1,Nottingham,Yes,1.54,34331,NA,0,NA,No,No,0,N
NU19,Run 1,1,Nottingham,Yes,2.62,52923,NA,0,NA,No,No,0,N
NU1,Run 1,1,Nottingham,Yes,3.64,51152,NA,1,NA,No,No,0,N
NU20,Run 1,1,Nottingham,No,0.18,32,NA,0,NA,No,No,0,N
NU21,Run 1,1,Nottingham,Yes,0.84,12911,NA,0,NA,No,No,0,N
NU22,Run 1,1,Nottingham,Yes,7.16,74301,NA,0,NA,No,No,0,N
NU23,Run 1,1,Nottingham,Yes,7.56,49676,NA,0,NA,No,No,0,N
NU24,Run 1,1,Nottingham,Yes,33,101910,NA,0,NA,No,No,0,N
NU2,Run 1,1,Nottingham,Yes,13.3,70427,NA,12,NA,No,No,12355,P
NU3,Run 1,1,Nottingham,Yes,9.58,75580,NA,5,NA,No,No,3627,P
NU4,Run 1,1,Nottingham,Yes,5.51,71407,NA,6,NA,No,No,16,P
NU5,Run 1,1,Nottingham,Yes,17,68137,NA,1,NA,No,No,7,P
NU6,Run 1,1,Nottingham,Yes,6.09,53982,NA,12,NA,No,No,2398,P
NU7,Run 1,1,Nottingham,Yes,5.1,56846,NA,12,NA,No,No,4434,P
NU8,Run 1,1,Nottingham,No,0,158,NA,7,NA,No,No,0,N
NU9,Run 1,1,Nottingham,Yes,18.4,90829,NA,1,NA,No,No,0,N
